Ref,Val,Package,PosX,PosY,Rot,Side
"+5V1","TestPoint","TestPoint_Pad_3.0x3.0mm",44.200000,-79.100000,0.000000,bottom
"+5V2","TestPoint","TestPoint_Pad_3.0x3.0mm",131.100000,-60.000000,0.000000,bottom
"GND1","TestPoint","TestPoint_Pad_3.0x3.0mm",131.100000,-53.800000,0.000000,bottom
"LED_IN1","TestPoint","TestPoint_Pad_3.0x3.0mm",131.000000,-46.800000,0.000000,bottom
"LED_OUT1","TestPoint","TestPoint_Pad_3.0x3.0mm",44.200000,-86.000000,0.000000,bottom
"U1","XIAO-RP2040-DIP","XIAO-RP2040-SMD",100.000000,-54.500000,0.000000,bottom
"H1","MountingHole","MountingHole_3.2mm_M3_DIN965_Pad_TopBottom",4.000000,-4.000000,0.000000,top
"H2","MountingHole","MountingHole_3.2mm_M3_DIN965_Pad_TopBottom",4.000000,-105.000000,0.000000,top
"H3","MountingHole","MountingHole_3.2mm_M3_DIN965_Pad_TopBottom",196.000000,-105.000000,0.000000,top
"H4","MountingHole","MountingHole_3.2mm_M3_DIN965_Pad_TopBottom",196.000000,-4.000000,0.000000,top
"LED1","XL-1615RGBC-WS2812B","LED-SMD_4P-L1.6-W1.5_XL-1615RGBC-WS2812B-1",56.180000,-5.500000,0.000000,top
"LED2","XL-1615RGBC-WS2812B","LED-SMD_4P-L1.6-W1.5_XL-1615RGBC-WS2812B-1",47.140000,-16.240000,0.000000,top
"LED3","XL-1615RGBC-WS2812B","LED-SMD_4P-L1.6-W1.5_XL-1615RGBC-WS2812B-1",43.620000,-16.780000,180.000000,top
"LED4","XL-1615RGBC-WS2812B","LED-SMD_4P-L1.6-W1.5_XL-1615RGBC-WS2812B-1",46.680000,-19.520000,180.000000,top
"LED5","XL-1615RGBC-WS2812B","LED-SMD_4P-L1.6-W1.5_XL-1615RGBC-WS2812B-1",49.380000,-21.480000,180.000000,top
"LED6","XL-1615RGBC-WS2812B","LED-SMD_4P-L1.6-W1.5_XL-1615RGBC-WS2812B-1",51.360000,-24.120000,180.000000,top
"LED7","XL-1615RGBC-WS2812B","LED-SMD_4P-L1.6-W1.5_XL-1615RGBC-WS2812B-1",60.840000,-28.740000,180.000000,top
"LED8","XL-1615RGBC-WS2812B","LED-SMD_4P-L1.6-W1.5_XL-1615RGBC-WS2812B-1",64.880000,-35.460000,180.000000,top
"LED9","XL-1615RGBC-WS2812B","LED-SMD_4P-L1.6-W1.5_XL-1615RGBC-WS2812B-1",68.060000,-37.500000,180.000000,top
"LED10","XL-1615RGBC-WS2812B","LED-SMD_4P-L1.6-W1.5_XL-1615RGBC-WS2812B-1",72.520000,-40.320000,180.000000,top
"LED11","XL-1615RGBC-WS2812B","LED-SMD_4P-L1.6-W1.5_XL-1615RGBC-WS2812B-1",78.500000,-44.440000,180.000000,top
"LED12","XL-1615RGBC-WS2812B","LED-SMD_4P-L1.6-W1.5_XL-1615RGBC-WS2812B-1",81.300000,-46.360000,180.000000,top
"LED13","XL-1615RGBC-WS2812B","LED-SMD_4P-L1.6-W1.5_XL-1615RGBC-WS2812B-1",86.160000,-49.140000,180.000000,top
"LED14","XL-1615RGBC-WS2812B","LED-SMD_4P-L1.6-W1.5_XL-1615RGBC-WS2812B-1",95.360000,-52.960000,180.000000,top
"LED15","XL-1615RGBC-WS2812B","LED-SMD_4P-L1.6-W1.5_XL-1615RGBC-WS2812B-1",98.560000,-58.800000,180.000000,top
"LED16","XL-1615RGBC-WS2812B","LED-SMD_4P-L1.6-W1.5_XL-1615RGBC-WS2812B-1",109.740000,-58.380000,180.000000,top
"LED17","XL-1615RGBC-WS2812B","LED-SMD_4P-L1.6-W1.5_XL-1615RGBC-WS2812B-1",112.340000,-56.280000,180.000000,top
"LED18","XL-1615RGBC-WS2812B","LED-SMD_4P-L1.6-W1.5_XL-1615RGBC-WS2812B-1",122.160000,-56.680000,180.000000,top
"LED19","XL-1615RGBC-WS2812B","LED-SMD_4P-L1.6-W1.5_XL-1615RGBC-WS2812B-1",129.580000,-59.240000,180.000000,top
"LED20","XL-1615RGBC-WS2812B","LED-SMD_4P-L1.6-W1.5_XL-1615RGBC-WS2812B-1",130.440000,-63.880000,180.000000,top
"LED21","XL-1615RGBC-WS2812B","LED-SMD_4P-L1.6-W1.5_XL-1615RGBC-WS2812B-1",131.420000,-67.120000,180.000000,top
"LED22","XL-1615RGBC-WS2812B","LED-SMD_4P-L1.6-W1.5_XL-1615RGBC-WS2812B-1",134.820000,-69.120000,180.000000,top
"LED23","XL-1615RGBC-WS2812B","LED-SMD_4P-L1.6-W1.5_XL-1615RGBC-WS2812B-1",145.240000,-75.180000,180.000000,top
"LED24","XL-1615RGBC-WS2812B","LED-SMD_4P-L1.6-W1.5_XL-1615RGBC-WS2812B-1",152.460000,-79.460000,180.000000,top
"LED25","XL-1615RGBC-WS2812B","LED-SMD_4P-L1.6-W1.5_XL-1615RGBC-WS2812B-1",157.300000,-82.360000,180.000000,top
"LED26","XL-1615RGBC-WS2812B","LED-SMD_4P-L1.6-W1.5_XL-1615RGBC-WS2812B-1",172.860000,-92.960000,180.000000,top
"LED27","XL-1615RGBC-WS2812B","LED-SMD_4P-L1.6-W1.5_XL-1615RGBC-WS2812B-1",178.200000,-96.660000,180.000000,top
"LED28","XL-1615RGBC-WS2812B","LED-SMD_4P-L1.6-W1.5_XL-1615RGBC-WS2812B-1",183.660000,-100.360000,180.000000,top
"LED29","XL-1615RGBC-WS2812B","LED-SMD_4P-L1.6-W1.5_XL-1615RGBC-WS2812B-1",190.040000,-104.120000,180.000000,top
"LED30","XL-1615RGBC-WS2812B","LED-SMD_4P-L1.6-W1.5_XL-1615RGBC-WS2812B-1",117.320000,-46.960000,0.000000,top
"LED31","XL-1615RGBC-WS2812B","LED-SMD_4P-L1.6-W1.5_XL-1615RGBC-WS2812B-1",119.440000,-42.860000,0.000000,top
"LED32","XL-1615RGBC-WS2812B","LED-SMD_4P-L1.6-W1.5_XL-1615RGBC-WS2812B-1",115.000000,-35.460000,0.000000,top
"LED33","XL-1615RGBC-WS2812B","LED-SMD_4P-L1.6-W1.5_XL-1615RGBC-WS2812B-1",108.300000,-33.060000,0.000000,top
"LED34","XL-1615RGBC-WS2812B","LED-SMD_4P-L1.6-W1.5_XL-1615RGBC-WS2812B-1",117.200000,-29.240000,180.000000,top
"LED35","XL-1615RGBC-WS2812B","LED-SMD_4P-L1.6-W1.5_XL-1615RGBC-WS2812B-1",131.180000,-21.240000,180.000000,top
"LED36","XL-1615RGBC-WS2812B","LED-SMD_4P-L1.6-W1.5_XL-1615RGBC-WS2812B-1",136.780000,-21.620000,180.000000,top
"LED37","XL-1615RGBC-WS2812B","LED-SMD_4P-L1.6-W1.5_XL-1615RGBC-WS2812B-1",144.820000,-23.120000,180.000000,top
"LED38","XL-1615RGBC-WS2812B","LED-SMD_4P-L1.6-W1.5_XL-1615RGBC-WS2812B-1",147.160000,-20.780000,0.000000,top
"LED39","XL-1615RGBC-WS2812B","LED-SMD_4P-L1.6-W1.5_XL-1615RGBC-WS2812B-1",148.120000,-17.620000,0.000000,top
"LED40","XL-1615RGBC-WS2812B","LED-SMD_4P-L1.6-W1.5_XL-1615RGBC-WS2812B-1",101.720000,-32.480000,0.000000,top
"LED41","XL-1615RGBC-WS2812B","LED-SMD_4P-L1.6-W1.5_XL-1615RGBC-WS2812B-1",93.880000,-30.280000,0.000000,top
"LED42","XL-1615RGBC-WS2812B","LED-SMD_4P-L1.6-W1.5_XL-1615RGBC-WS2812B-1",88.160000,-27.600000,0.000000,top
"LED43","XL-1615RGBC-WS2812B","LED-SMD_4P-L1.6-W1.5_XL-1615RGBC-WS2812B-1",82.000000,-26.800000,0.000000,top
"LED44","XL-1615RGBC-WS2812B","LED-SMD_4P-L1.6-W1.5_XL-1615RGBC-WS2812B-1",78.300000,-27.480000,0.000000,top
"LED45","XL-1615RGBC-WS2812B","LED-SMD_4P-L1.6-W1.5_XL-1615RGBC-WS2812B-1",72.100000,-29.540000,0.000000,top
"LED46","XL-1615RGBC-WS2812B","LED-SMD_4P-L1.6-W1.5_XL-1615RGBC-WS2812B-1",68.260000,-30.400000,0.000000,top
"LED47","XL-1615RGBC-WS2812B","LED-SMD_4P-L1.6-W1.5_XL-1615RGBC-WS2812B-1",57.920000,-27.160000,0.000000,top
"LED48","XL-1615RGBC-WS2812B","LED-SMD_4P-L1.6-W1.5_XL-1615RGBC-WS2812B-1",54.700000,-26.300000,0.000000,top
"LED49","XL-1615RGBC-WS2812B","LED-SMD_4P-L1.6-W1.5_XL-1615RGBC-WS2812B-1",50.700000,-28.260000,0.000000,top
"LED50","XL-1615RGBC-WS2812B","LED-SMD_4P-L1.6-W1.5_XL-1615RGBC-WS2812B-1",46.620000,-29.320000,0.000000,top
"LED51","XL-1615RGBC-WS2812B","LED-SMD_4P-L1.6-W1.5_XL-1615RGBC-WS2812B-1",42.480000,-28.340000,0.000000,top
"LED52","XL-1615RGBC-WS2812B","LED-SMD_4P-L1.6-W1.5_XL-1615RGBC-WS2812B-1",38.840000,-28.160000,0.000000,top
"LED53","XL-1615RGBC-WS2812B","LED-SMD_4P-L1.6-W1.5_XL-1615RGBC-WS2812B-1",34.180000,-28.060000,0.000000,top
"LED54","XL-1615RGBC-WS2812B","LED-SMD_4P-L1.6-W1.5_XL-1615RGBC-WS2812B-1",43.420000,-20.080000,180.000000,top
"LED55","XL-1615RGBC-WS2812B","LED-SMD_4P-L1.6-W1.5_XL-1615RGBC-WS2812B-1",44.080000,-23.340000,180.000000,top
"LED56","XL-1615RGBC-WS2812B","LED-SMD_4P-L1.6-W1.5_XL-1615RGBC-WS2812B-1",46.000000,-26.040000,180.000000,top
"LED57","XL-1615RGBC-WS2812B","LED-SMD_4P-L1.6-W1.5_XL-1615RGBC-WS2812B-1",46.020000,-35.120000,180.000000,top
"LED58","XL-1615RGBC-WS2812B","LED-SMD_4P-L1.6-W1.5_XL-1615RGBC-WS2812B-1",45.800000,-42.820000,180.000000,top
"LED59","XL-1615RGBC-WS2812B","LED-SMD_4P-L1.6-W1.5_XL-1615RGBC-WS2812B-1",45.960000,-46.160000,180.000000,top
"LED60","XL-1615RGBC-WS2812B","LED-SMD_4P-L1.6-W1.5_XL-1615RGBC-WS2812B-1",45.680000,-54.140000,180.000000,top
"LED61","XL-1615RGBC-WS2812B","LED-SMD_4P-L1.6-W1.5_XL-1615RGBC-WS2812B-1",42.860000,-60.940000,0.000000,top
"LED62","XL-1615RGBC-WS2812B","LED-SMD_4P-L1.6-W1.5_XL-1615RGBC-WS2812B-1",36.380000,-60.420000,0.000000,top
"LED63","XL-1615RGBC-WS2812B","LED-SMD_4P-L1.6-W1.5_XL-1615RGBC-WS2812B-1",32.760000,-62.180000,0.000000,top
"LED64","XL-1615RGBC-WS2812B","LED-SMD_4P-L1.6-W1.5_XL-1615RGBC-WS2812B-1",26.340000,-61.580000,0.000000,top
"LED65","XL-1615RGBC-WS2812B","LED-SMD_4P-L1.6-W1.5_XL-1615RGBC-WS2812B-1",41.100000,-63.860000,180.000000,top
"LED66","XL-1615RGBC-WS2812B","LED-SMD_4P-L1.6-W1.5_XL-1615RGBC-WS2812B-1",39.480000,-66.740000,180.000000,top
"LED67","XL-1615RGBC-WS2812B","LED-SMD_4P-L1.6-W1.5_XL-1615RGBC-WS2812B-1",39.540000,-71.080000,180.000000,top
"LED68","XL-1615RGBC-WS2812B","LED-SMD_4P-L1.6-W1.5_XL-1615RGBC-WS2812B-1",39.600000,-74.380000,180.000000,top
"ROW0","10uF,10V,X5R","C_0402_1005Metric",56.300000,-2.200000,90.000000,top
"ROW1","10uF,10V,X5R","C_0402_1005Metric",76.300000,-45.400000,90.000000,top
"ROW2","10uF,10V,X5R","C_0402_1005Metric",128.700000,-66.280000,90.000000,top
"ROW3","10uF,10V,X5R","C_0402_1005Metric",121.800000,-45.200000,180.000000,top
"ROW4","10uF,10V,X5R","C_0402_1005Metric",99.400000,-30.420000,-90.000000,top
"ROW5","10uF,10V,X5R","C_0402_1005Metric",43.520000,-30.700000,0.000000,top
"ROW6","10uF,10V,X5R","C_0402_1005Metric",43.400000,-52.900000,-90.000000,top
"ROW7","10uF,10V,X5R","C_0402_1005Metric",38.800000,-77.280000,90.000000,top
